Wonder Girls,Nobody
PSY,Gangnam Style,Gentleman,Hangover,Daddy,That That
CL,LIFTED
BTS,DNA,MIC Drop,Fake Love,IDOL,Boy With Luv,Make It Right,Black Swan,ON,My Time,Filter,Dynamite,Life Goes On,Blue & Grey,Stay,Fly To My Room,Telepathy,Dis-ease,Film Out,Butter,Permission To Dance,Yet To Come,Run BTS,Take Two
BLACKPINK,DDU-DU DDU-DU,Kill This Love,How You Like That,Lovesick Girls,Pink Venom,Shut Down
Pinkfong,Baby Shark
j-hope,Chicken Noodle Soup,More,Arson,On The Street
Agust D,Daechwita,Haegeum
ROSE,On The Ground
Lisa,Lalisa,Money
TWICE,The Feels,Moonlight Sunrise
V,Christmas Tree,Love Me Again,Slow Dancing
Jung Kook,Stay Alive,Seven,3D,Standing Next To You
JIN,The Astronaut
RM,Wild Flower
NewJeans,Ditto,OMG,Super Shy,ETA,Cool With You
TAEYANG,Vibe
Jimin,"Set Me Free, Pt. 2",Like Crazy,"Angel, Pt. 1"
Fifty Fifty,Cupid
Stray Kids,LALALALA
